,tconst,genres
0,tt0011462,Drama
1,tt0026714,Comedy
2,tt0026714,Fantasy
3,tt0026714,Romance
4,tt0033864,Comedy
5,tt0037325,Crime
6,tt0037325,Drama
7,tt0037325,Film-Noir
8,tt0038406,History
9,tt0038406,Music
10,tt0038406,Romance
11,tt0038738,Drama
12,tt0038738,Fantasy
13,tt0039354,Comedy
14,tt0040848,Musical
15,tt0041507,Comedy
16,tt0041507,Musical
17,tt0041507,Romance
18,tt0042930,Comedy
19,tt0042930,Drama
20,tt0042930,Musical
21,tt0043012,Musical
22,tt0043012,Romance
23,tt0043313,Comedy
24,tt0043313,Drama
25,tt0043313,Romance
26,tt0043652,Drama
27,tt0043652,Romance
28,tt0044060,Drama
29,tt0044060,Romance
30,tt0046345,Drama
31,tt0046345,Romance
32,tt0047173,Action
33,tt0047173,Drama
34,tt0047173,Romance
35,tt0047289,Comedy
36,tt0047289,Drama
37,tt0048641,Comedy
38,tt0048641,Romance
39,tt0048673,Comedy
40,tt0048673,Drama
41,tt0048673,Romance
42,tt0048771,Drama
43,tt0049439,Comedy
44,tt0049439,Music
45,tt0049613,Drama
46,tt0049632,Drama
47,tt0050524,Crime
48,tt0050524,Drama
49,tt0050524,Film-Noir
50,tt0050994,Comedy
51,tt0050994,Drama
52,tt0050994,Romance
53,tt0051791,Drama
54,tt0051878,Drama
55,tt0052037,Drama
56,tt0052037,Romance
57,tt0052258,Comedy
58,tt0052258,Musical
59,tt0052258,Romance
60,tt0052786,Drama
61,tt0052786,Romance
62,tt0052786,War
63,tt0052942,Documentary
64,tt0052942,Music
65,tt0053261,Animation
66,tt0053261,Comedy
67,tt0053261,Fantasy
68,tt0053292,Drama
69,tt0053292,Romance
70,tt0053318,Drama
71,tt0053318,Mystery
72,tt0053318,Thriller
73,tt0053320,Drama
74,tt0053320,Romance
75,tt0053395,Comedy
76,tt0054745,Documentary
77,tt0054745,History
78,tt0055052,Drama
79,tt0055299,Drama
80,tt0055489,Drama
81,tt0055489,Romance
82,tt0056153,Drama
83,tt0057074,Comedy
84,tt0057541,Comedy
85,tt0057541,Musical
86,tt0057541,Romance
87,tt0057542,Comedy
88,tt0057542,Family
89,tt0057542,Musical
90,tt0058600,Comedy
91,tt0058600,Musical
92,tt0059562,Crime
93,tt0059562,Drama
94,tt0059771,Comedy
95,tt0059771,Musical
96,tt0059771,Romance
97,tt0060045,Crime
98,tt0060045,Drama
99,tt0060045,Romance
100,tt0060371,Documentary
101,tt0060371,Sport
102,tt0060694,Music
103,tt0061788,Adventure
104,tt0061788,Drama
105,tt0061788,Mystery
106,tt0062009,Crime
107,tt0062009,Drama
108,tt0062322,Drama
109,tt0062484,Action
110,tt0062484,Crime
111,tt0062484,Drama
112,tt0062619,Comedy
113,tt0062619,Drama
114,tt0062619,Romance
115,tt0063223,Drama
116,tt0063297,Comedy
117,tt0063297,Fantasy
118,tt0063297,Romance
119,tt0063351,Documentary
120,tt0063527,Comedy
121,tt0063544,Drama
122,tt0063544,Romance
123,tt0064573,Drama
124,tt0064761,Drama
125,tt0064761,Romance
126,tt0064808,Adventure
127,tt0064808,Drama
128,tt0065618,Drama
129,tt0065618,Mystery
130,tt0065618,Thriller
131,tt0065701,Drama
132,tt0065701,Romance
133,tt0065973,Action
134,tt0065973,Crime
135,tt0065973,Drama
136,tt0066421,Drama
137,tt0067028,Drama
138,tt0067028,Romance
139,tt0067803,Drama
140,tt0067803,Romance
141,tt0067804,Drama
142,tt0068992,Comedy
143,tt0068992,Drama
144,tt0069120,Drama
145,tt0069120,Romance
146,tt0069319,Drama
147,tt0069329,Drama
148,tt0069329,War
149,tt0069368,Drama
150,tt0069457,Action
151,tt0069457,Crime
152,tt0069457,Drama
153,tt0069807,Comedy
154,tt0069807,Drama
155,tt0069949,Drama
156,tt0069949,History
157,tt0070748,Drama
158,tt0070749,Drama
159,tt0070749,Romance
160,tt0070749,War
161,tt0070875,Comedy
162,tt0071597,Drama
163,tt0071624,Action
164,tt0071624,Comedy
165,tt0072173,Comedy
166,tt0072173,Romance
167,tt0073730,Drama
168,tt0073764,Romance
169,tt0073764,Thriller
170,tt0074459,Drama
171,tt0074790,Comedy
172,tt0074790,Romance
173,tt0075282,Comedy
174,tt0075282,Mystery
175,tt0075282,Sci-Fi
176,tt0075292,Comedy
177,tt0075292,Drama
178,tt0076524,Drama
179,tt0076765,Drama
180,tt0076765,Thriller
181,tt0076779,Drama
182,tt0076779,Romance
183,tt0076780,Drama
184,tt0076780,Thriller
185,tt0076782,Drama
186,tt0076782,Mystery
187,tt0076782,Thriller
188,tt0076816,Comedy
189,tt0076816,Music
190,tt0077152,Comedy
191,tt0077372,Adventure
192,tt0077372,Comedy
193,tt0078330,Horror
194,tt0078330,Thriller
195,tt0078340,Comedy
196,tt0078341,Drama
197,tt0078341,Romance
198,tt0078341,War
199,tt0079423,Romance
200,tt0079965,Comedy
201,tt0080013,Drama
202,tt0080534,Drama
203,tt0080611,Drama
204,tt0081069,Drama
205,tt0082233,Drama
206,tt0082233,Thriller
207,tt0082746,Comedy
208,tt0082902,Comedy
209,tt0083141,Drama
210,tt0083141,Romance
211,tt0083947,Drama
212,tt0084265,Drama
213,tt0084328,Comedy
214,tt0084328,Fantasy
215,tt0084329,Comedy
216,tt0084636,Horror
217,tt0084636,Mystery
218,tt0084636,Thriller
219,tt0084737,Comedy
220,tt0084737,Drama
221,tt0084737,Romance
222,tt0084957,Comedy
223,tt0085241,Drama
224,tt0086332,Comedy
225,tt0086332,Musical
226,tt0086385,Drama
227,tt0086387,Biography
228,tt0086387,Drama
229,tt0086655,Drama
230,tt0086655,Mystery
231,tt0087164,Drama
232,tt0087591,Drama
233,tt0087719,Comedy
234,tt0087719,Drama
235,tt0087719,Fantasy
236,tt0088201,Comedy
237,tt0088201,Drama
238,tt0088201,Romance
239,tt0088202,Drama
240,tt0088202,Music
241,tt0088202,Romance
242,tt0088203,Drama
243,tt0088203,Mystery
244,tt0088338,Comedy
245,tt0088338,Drama
246,tt0088338,Romance
247,tt0089202,Comedy
248,tt0089202,Drama
249,tt0090098,Comedy
250,tt0090099,Comedy
251,tt0090099,Drama
252,tt0090663,Drama
253,tt0090932,Crime
254,tt0090932,Drama
255,tt0090932,Romance
256,tt0091680,Comedy
257,tt0091680,Romance
258,tt0091985,Crime
259,tt0091985,Drama
260,tt0092678,Drama
261,tt0092678,Romance
262,tt0093516,Comedy
263,tt0093516,Fantasy
264,tt0093516,Romance
265,tt0093650,Comedy
266,tt0094070,Drama
267,tt0094070,Horror
268,tt0094070,Thriller
269,tt0094071,Drama
270,tt0094072,Comedy
271,tt0094072,Romance
272,tt0094318,Adventure
273,tt0094318,Drama
274,tt0094595,Drama
275,tt0094595,Fantasy
276,tt0094595,Mystery
277,tt0094637,Comedy
278,tt0094637,Drama
279,tt0094795,Action
280,tt0095280,Biography
281,tt0095280,Drama
282,tt0095280,Romance
283,tt0095433,Biography
284,tt0095433,Drama
285,tt0095441,Action
286,tt0095441,Crime
287,tt0095441,Drama
288,tt0095920,Drama
289,tt0096036,Drama
290,tt0096137,Drama
291,tt0096189,Drama
292,tt0096189,Romance
293,tt0096190,Comedy
294,tt0097160,Comedy
295,tt0097160,Drama
296,tt0097765,Mystery
297,tt0098411,Comedy
298,tt0098463,Drama
299,tt0098463,War
300,tt0098587,Drama
301,tt0098587,Family
302,tt0098623,Drama
303,tt0098623,Romance
304,tt0100277,Drama
305,tt0100277,Romance
306,tt0100715,Biography
307,tt0100715,Drama
308,tt0100715,Music
309,tt0101328,Comedy
310,tt0101328,Drama
311,tt0101449,Comedy
312,tt0101449,Romance
313,tt0101985,Crime
314,tt0101985,Drama
315,tt0101985,Romance
316,tt0102878,Drama
317,tt0102878,Romance
318,tt0102907,
319,tt0103005,Drama
320,tt0103813,Comedy
321,tt0103997,Comedy
322,tt0103997,Sport
323,tt0105801,Comedy
324,tt0105853,Comedy
325,tt0105853,Romance
326,tt0106991,Drama
327,tt0107212,Comedy
328,tt0107212,Drama
329,tt0107212,Romance
330,tt0107496,
331,tt0107743,Drama
332,tt0107743,History
333,tt0107743,Sport
334,tt0108252,Comedy
335,tt0108252,Family
336,tt0109549,Drama
337,tt0109620,Crime
338,tt0109620,Drama
339,tt0109729,Adventure
340,tt0109729,Documentary
341,tt0109729,Sport
342,tt0110168,Comedy
343,tt0110168,Family
344,tt0111312,Comedy
345,tt0111312,Family
346,tt0111546,Drama
347,tt0111546,Romance
348,tt0111546,War
349,tt0111767,Comedy
350,tt0111767,Drama
351,tt0113612,Comedy
352,tt0113612,Drama
353,tt0114775,Comedy
354,tt0114775,Drama
355,tt0115940,Comedy
356,tt0115940,Drama
357,tt0115940,Romance
358,tt0115961,Action
359,tt0115961,Adventure
360,tt0116200,Drama
361,tt0116200,Romance
362,tt0116686,Documentary
363,tt0117043,Comedy
364,tt0117043,Romance
365,tt0117085,Documentary
366,tt0117310,Biography
367,tt0117310,Documentary
368,tt0117779,Comedy
369,tt0117779,Drama
370,tt0117780,Drama
371,tt0117780,Horror
372,tt0117780,Mystery
373,tt0118720,Comedy
374,tt0119345,Horror
375,tt0119345,Mystery
376,tt0122078,Crime
377,tt0122078,Drama
378,tt0122078,Romance
379,tt0122181,Comedy
380,tt0122181,Drama
381,tt0122181,Romance
382,tt0123945,Drama
383,tt0123945,War
384,tt0125449,Drama
385,tt0128648,Adventure
386,tt0128648,Drama
387,tt0130018,Horror
388,tt0130018,Mystery
389,tt0130018,Thriller
390,tt0131432,Comedy
391,tt0133893,Comedy
392,tt0133893,Drama
393,tt0134148,Drama
394,tt0134719,Comedy
395,tt0137618,Comedy
396,tt0137618,Romance
397,tt0137875,Drama
398,tt0137875,Romance
399,tt0139684,Drama
400,tt0140379,Comedy
401,tt0140379,Fantasy
402,tt0140379,Romance
403,tt0140944,Comedy
404,tt0140944,Drama
405,tt0143350,Comedy
406,tt0143350,Drama
407,tt0144397,Comedy
408,tt0144397,Romance
409,tt0144397,Sport
410,tt0145942,Crime
411,tt0145942,Drama
412,tt0157391,Drama
413,tt0160865,Adventure
414,tt0160865,Animation
415,tt0160865,Comedy
416,tt0162677,Crime
417,tt0162677,Drama
418,tt0162677,Romance
419,tt0163264,Adventure
420,tt0168123,Comedy
421,tt0168123,Music
422,tt0168198,Drama
423,tt0168198,Romance
424,tt0171296,Documentary
425,tt0171747,Drama
426,tt0173151,Drama
427,tt0174246,Drama
428,tt0174507,Drama
429,tt0175820,Biography
430,tt0176164,Fantasy
431,tt0179328,Romance
432,tt0179479,
433,tt0180834,Comedy
434,tt0183320,Drama
435,tt0187852,Comedy
436,tt0187852,Drama
437,tt0187852,Romance
438,tt0188214,Drama
439,tt0189660,Drama
440,tt0192644,Drama
441,tt0192644,Family
442,tt0193537,Comedy
443,tt0193537,Romance
444,tt0195517,Drama
445,tt0195517,Family
446,tt0195517,Sci-Fi
447,tt0202618,
448,tt0204342,
449,tt0204932,Comedy
450,tt0204932,Drama
451,tt0204932,Family
452,tt0210654,Animation
453,tt0210654,Family
454,tt0214555,Action
455,tt0214555,Crime
456,tt0214555,Drama
457,tt0215519,Drama
458,tt0217066,Drama
459,tt0218643,Crime
460,tt0218643,Drama
461,tt0218932,Biography
462,tt0218932,Drama
463,tt0218932,History
464,tt0220077,
465,tt0221249,Comedy
466,tt0221249,Drama
467,tt0221249,Music
468,tt0226121,Crime
469,tt0226121,Drama
470,tt0226121,Horror
471,tt0228584,Drama
472,tt0234829,Comedy
473,tt0234829,Drama
474,tt0234829,Romance
475,tt0241972,Comedy
476,tt0241972,Drama
477,tt0241972,Family
478,tt0242916,Drama
479,tt0242916,Music
480,tt0242916,Romance
481,tt0243315,Documentary
482,tt0243655,Comedy
483,tt0243655,Romance
484,tt0247527,Drama
485,tt0247530,Drama
486,tt0253197,Drama
487,tt0255374,Comedy
488,tt0255374,Fantasy
489,tt0255374,Music
490,tt0259741,Comedy
491,tt0259741,Romance
492,tt0263321,Comedy
493,tt0263321,Drama
494,tt0265548,Comedy
495,tt0265548,Family
496,tt0265612,Drama
497,tt0265612,Western
498,tt0268668,Documentary
499,tt0271062,Documentary
500,tt0271062,Music
501,tt0271853,Drama
502,tt0273191,Comedy
503,tt0273191,Documentary
504,tt0274114,Comedy
505,tt0274114,Drama
506,tt0274917,Drama
507,tt0275353,Documentary
508,tt0275353,History
509,tt0275353,Sport
510,tt0276538,Romance
511,tt0277714,Documentary
512,tt0280128,Comedy
513,tt0280128,Family
514,tt0280933,Drama
515,tt0283908,Drama
516,tt0283908,History
517,tt0285199,Family
518,tt0286162,Drama
519,tt0287481,Mystery
520,tt0289114,Drama
521,tt0289114,Fantasy
522,tt0290875,Comedy
523,tt0290875,Drama
524,tt0290875,Romance
525,tt0290916,Comedy
526,tt0290916,Drama
527,tt0290916,Romance
528,tt0293280,Crime
529,tt0293280,Drama
530,tt0297316,Drama
531,tt0297414,Drama
532,tt0297414,Thriller
533,tt0299430,Comedy
534,tt0299430,Sci-Fi
535,tt0303060,Comedy
536,tt0303060,Drama
537,tt0303101,Drama
538,tt0303101,Romance
539,tt0305589,Drama
540,tt0305747,Drama
541,tt0307623,Action
542,tt0307623,War
543,tt0311314,Drama
544,tt0312808,Drama
545,tt0317079,Drama
546,tt0322629,Comedy
547,tt0322629,Romance
548,tt0323248,Drama
549,tt0326383,
550,tt0326639,
551,tt0329701,Drama
552,tt0329701,Family
553,tt0334611,Drama
554,tt0341600,Documentary
555,tt0345678,Documentary
556,tt0345678,Sport
557,tt0346525,Adventure
558,tt0346525,Comedy
559,tt0346525,Family
560,tt0347159,Biography
561,tt0347159,Drama
562,tt0348142,Family
563,tt0353671,Drama
564,tt0355336,Drama
565,tt0356154,Adventure
566,tt0356154,Drama
567,tt0356154,Family
568,tt0358303,Comedy
569,tt0358303,Drama
570,tt0358303,Family
571,tt0358605,Romance
572,tt0358981,Drama
573,tt0358981,Romance
574,tt0361032,Documentary
575,tt0361032,Music
576,tt0362201,Romance
577,tt0363857,Comedy
578,tt0363857,Romance
579,tt0364144,Drama
580,tt0365908,Documentary
581,tt0365908,Short
582,tt0367955,Drama
583,tt0367955,Fantasy
584,tt0367955,Sci-Fi
585,tt0372175,Drama
586,tt0372175,Romance
587,tt0374546,Drama
588,tt0374546,Romance
589,tt0375604,Action
590,tt0375604,Comedy
591,tt0375604,Family
592,tt0378702,Drama
593,tt0381685,Drama
594,tt0381685,History
595,tt0382189,Drama
596,tt0382189,Romance
597,tt0382868,Action
598,tt0382868,Animation
599,tt0382868,Sport
600,tt0384567,Comedy
601,tt0385006,Comedy
602,tt0385006,Drama
603,tt0385006,Romance
604,tt0387005,Comedy
605,tt0387005,Sci-Fi
606,tt0388446,Family
607,tt0399811,Comedy
608,tt0399811,Family
609,tt0399811,Music
610,tt0402303,Adventure
611,tt0404469,Comedy
612,tt0404469,Fantasy
613,tt0404469,Romance
614,tt0408229,Drama
615,tt0409878,Horror
616,tt0411645,Documentary
617,tt0411883,Comedy
618,tt0411883,Drama
619,tt0411883,Romance
620,tt0415183,Drama
621,tt0420206,Comedy
622,tt0420206,Drama
623,tt0420206,Romance
624,tt0420229,Drama
625,tt0422748,Music
626,tt0431476,
627,tt0434372,Drama
628,tt0443123,Adventure
629,tt0443123,Animation
630,tt0443123,Drama
631,tt0443740,Documentary
632,tt0445508,Drama
633,tt0447601,Documentary
634,tt0449945,Documentary
635,tt0449945,Sport
636,tt0451204,Animation
637,tt0451204,Short
638,tt0453369,Drama
639,tt0453369,Mystery
640,tt0453369,Thriller
641,tt0455946,Comedy
642,tt0455946,Drama
643,tt0457415,Comedy
644,tt0457415,Fantasy
645,tt0457415,Romance
646,tt0457538,
647,tt0457596,Music
648,tt0466405,Animation
649,tt0466405,Comedy
650,tt0466405,Drama
651,tt0466456,Comedy
652,tt0466456,Drama
653,tt0466456,Romance
654,tt0469111,Horror
655,tt0469111,Mystery
656,tt0469111,Thriller
657,tt0469731,Documentary
658,tt0469731,Sport
659,tt0469785,Comedy
660,tt0469785,Drama
661,tt0469979,Adventure
662,tt0469979,Drama
663,tt0469979,Horror
664,tt0475255,Drama
665,tt0476007,Drama
666,tt0477273,Drama
667,tt0477273,Romance
668,tt0477877,Drama
669,tt0479172,Music
670,tt0479310,Comedy
671,tt0479310,Sport
672,tt0486020,Western
673,tt0489563,Action
674,tt0494969,Drama
675,tt0498567,Comedy
676,tt0498567,Sci-Fi
677,tt0757898,Drama
678,tt0770724,Documentary
679,tt0770824,Drama
680,tt0776728,Comedy
681,tt0776728,Fantasy
682,tt0776728,Music
683,tt0791303,Drama
684,tt0791303,Mystery
685,tt0791303,Romance
686,tt0794288,Drama
687,tt0794374,Drama
688,tt0794374,Romance
689,tt0806679,Drama
690,tt0807963,Comedy
691,tt0807963,Drama
692,tt0807963,Family
693,tt0808487,Documentary
694,tt0819735,Comedy
695,tt0819735,Drama
696,tt0819735,Romance
697,tt0819835,Documentary
698,tt0819835,Short
699,tt0825745,Adventure
700,tt0825745,Family
701,tt0827742,Drama
702,tt0829134,Animation
703,tt0834941,Adventure
704,tt0834941,Drama
705,tt0834941,Family
706,tt0836700,Drama
707,tt0836700,Family
708,tt0844345,Horror
709,tt0846318,Family
710,tt0847183,Drama
711,tt0847527,Drama
712,tt0847527,Thriller
713,tt0853002,Drama
714,tt0859622,Comedy
715,tt0859622,Family
716,tt0859622,Fantasy
717,tt0885520,Drama
718,tt0885520,Romance
719,tt0891342,Music
720,tt0910904,Comedy
721,tt0910904,Crime
722,tt0910904,Horror
723,tt0923703,Drama
724,tt0923703,Romance
725,tt0928020,Documentary
726,tt0928020,Sport
727,tt0929733,Music
728,tt0937373,Drama
729,tt0937373,Romance
730,tt0937428,Horror
731,tt0940584,Comedy
732,tt0940584,Drama
733,tt0940584,Family
734,tt0955214,Documentary
735,tt0968327,Documentary
736,tt0968327,Music
737,tt0969368,Drama
738,tt0969368,Romance
739,tt0978695,Comedy
740,tt0995757,Drama
741,tt0995757,Romance
742,tt0995757,Thriller
743,tt1006945,Documentary
744,tt10195976,Drama
745,tt10195976,Romance
746,tt10199668,Crime
747,tt10199668,Drama
748,tt10199668,Mystery
749,tt10224134,Comedy
750,tt10224134,Drama
751,tt10224134,Romance
752,tt1022603,Comedy
753,tt1022603,Drama
754,tt1022603,Romance
755,tt10229338,Drama
756,tt10229982,Drama
757,tt10229982,Romance
758,tt10345024,Romance
759,tt10384514,Comedy
760,tt10384514,Drama
761,tt10384514,Romance
762,tt1042913,Drama
763,tt1042913,Family
764,tt10449234,
765,tt10457128,Drama
766,tt10457128,Romance
767,tt10483210,Documentary
768,tt10483210,History
769,tt10483210,Music
770,tt10488396,Drama
771,tt10492998,Comedy
772,tt10498020,
773,tt1052058,Comedy
774,tt1052058,Family
775,tt10580248,Music
776,tt10593750,Comedy
777,tt10629634,Drama
778,tt10720816,Romance
779,tt10785310,Comedy
780,tt10785310,Drama
781,tt10886246,Drama
782,tt10905720,Adventure
783,tt10905720,Animation
784,tt10905720,Comedy
785,tt1091844,Drama
786,tt1091844,Romance
787,tt10933120,Action
788,tt10933120,Animation
789,tt10933120,Comedy
790,tt1095036,Drama
791,tt10959454,Comedy
792,tt10959454,Horror
793,tt10998174,Comedy
794,tt10998174,Romance
795,tt11188104,Drama
796,tt11188104,Romance
797,tt11273452,Comedy
798,tt11273452,Drama
799,tt11273452,Family
800,tt11275350,Drama
801,tt11282142,Documentary
802,tt11282142,War
803,tt1130773,Drama
804,tt1130773,Romance
805,tt1132578,Comedy
806,tt1132578,Drama
807,tt1135054,Drama
808,tt11394288,Drama
809,tt11394340,Comedy
810,tt11394340,Drama
811,tt11394340,Music
812,tt11422728,Documentary
813,tt11422728,History
814,tt11422728,Music
815,tt1169847,Drama
816,tt1179773,Adventure
817,tt1179773,Animation
818,tt1179773,Comedy
819,tt1179793,Drama
820,tt1182617,Documentary
821,tt1182617,Short
822,tt1186025,Family
823,tt11918302,Animation
824,tt11918302,Comedy
825,tt11918302,Short
826,tt1194618,Animation
827,tt1194618,Family
828,tt1194618,Fantasy
829,tt11958732,Drama
830,tt1196601,Comedy
831,tt1196601,Horror
832,tt1196701,Documentary
833,tt1198144,Drama
834,tt1202539,Drama
835,tt1202539,Sport
836,tt1209359,Comedy
837,tt1209359,Drama
838,tt1209359,Romance
839,tt12181184,Family
840,tt1230460,Documentary
841,tt1230564,Documentary
842,tt12344312,Comedy
843,tt12344312,Drama
844,tt1235446,Romance
845,tt1235833,Drama
846,tt1242544,Comedy
847,tt1242544,Drama
848,tt1245539,Comedy
849,tt1245539,Family
850,tt1248987,Comedy
851,tt1248987,Drama
852,tt1248987,Romance
853,tt12491724,Drama
854,tt12491724,Romance
855,tt12517576,Comedy
856,tt12553244,Adventure
857,tt12553244,Family
858,tt12567476,Comedy
859,tt12567476,Family
860,tt1260689,Crime
861,tt1260689,Drama
862,tt1260689,Thriller
863,tt1262418,Documentary
864,tt1268804,Documentary
865,tt1268804,War
866,tt12699576,Horror
867,tt12699576,Mystery
868,tt1276988,Drama
869,tt1276988,Family
870,tt1277733,Drama
871,tt1277733,Horror
872,tt1277733,Mystery
873,tt12826450,Drama
874,tt1285010,Horror
875,tt1285010,Thriller
876,tt12900148,Documentary
877,tt12900148,Music
878,tt12915652,Sport
879,tt12931780,Documentary
880,tt1293829,Comedy
881,tt1296876,Short
882,tt1304582,
883,tt1305869,Comedy
884,tt13067004,Drama
885,tt13067004,Romance
886,tt1307066,Drama
887,tt13142638,
888,tt1316079,Horror
889,tt13259672,Drama
890,tt13259672,Thriller
891,tt1326825,Drama
892,tt1326956,Documentary
893,tt13282898,Documentary
894,tt13293222,Drama
895,tt13293222,Thriller
896,tt1329355,Comedy
897,tt1329355,Sport
898,tt1332528,Drama
899,tt1334587,Comedy
900,tt13362120,Documentary
901,tt1339559,Comedy
902,tt13430466,Drama
903,tt1344616,Drama
904,tt1356920,Drama
905,tt13582754,Drama
906,tt13622782,Documentary
907,tt13642540,Comedy
908,tt1364480,Horror
909,tt1365482,Drama
910,tt1370426,Comedy
911,tt13735338,Comedy
912,tt13745532,Short
913,tt13757540,Drama
914,tt13757540,Mystery
915,tt13757540,Sci-Fi
916,tt1381271,Crime
917,tt1386503,Documentary
918,tt13884328,Drama
919,tt14016562,Comedy
920,tt14016562,Romance
921,tt1404653,Drama
922,tt14071634,Drama
923,tt1408355,Documentary
924,tt1408355,Sport
925,tt1418860,Comedy
926,tt1422201,Comedy
927,tt14442616,Horror
928,tt14456750,Horror
929,tt14456750,Musical
930,tt1448625,Documentary
931,tt14550346,Drama
932,tt14550346,Thriller
933,tt14619078,Drama
934,tt14619078,Music
935,tt14625190,Comedy
936,tt14625190,Drama
937,tt14625190,Fantasy
938,tt14673732,Documentary
939,tt1474276,Action
940,tt1474276,Adventure
941,tt1474276,Animation
942,tt14853762,Documentary
943,tt1486196,Drama
944,tt1486196,Romance
945,tt15078122,Drama
946,tt15090592,Action
947,tt15090592,Adventure
948,tt15090592,Animation
949,tt15114686,Drama
950,tt15114686,Romance
951,tt15130246,Horror
952,tt1519640,Comedy
953,tt1519640,Romance
954,tt15202038,Comedy
955,tt15202038,Drama
956,tt15202038,Family
957,tt15208276,Drama
958,tt15208950,Drama
959,tt15208950,Mystery
960,tt15208950,Romance
961,tt15253150,Drama
962,tt15253150,Romance
963,tt1527656,Drama
964,tt1537424,Drama
965,tt1538947,Documentary
966,tt1545098,Documentary
967,tt1545098,Music
968,tt1547230,Comedy
969,tt1547230,Family
970,tt1548551,Adventure
971,tt1548551,Family
972,tt15535192,Comedy
973,tt15568240,Drama
974,tt1566405,Biography
975,tt1566405,Documentary
976,tt1566405,Drama
977,tt1572162,Documentary
978,tt1572162,Short
979,tt15783304,Comedy
980,tt15783304,Drama
981,tt1579944,Drama
982,tt1579944,Fantasy
983,tt1585660,Comedy
984,tt1585660,Drama
985,tt1585660,Romance
986,tt1588875,Drama
987,tt16027742,Documentary
988,tt16027742,Short
989,tt1606369,Romance
990,tt1610395,Drama
991,tt1626240,Comedy
992,tt1626240,Family
993,tt1630248,Drama
994,tt1630606,Animation
995,tt1630606,Drama
996,tt1630606,Romance
997,tt16311394,Drama
998,tt16442822,Documentary
999,tt16442822,Music
1000,tt1666012,Drama
1001,tt1666012,War
1002,tt16769394,Adventure
1003,tt16769394,Comedy
1004,tt16769394,Family
1005,tt1684561,Drama
1006,tt1684561,Romance
1007,tt1686125,Drama
1008,tt16944826,Drama
1009,tt16986596,Action
1010,tt16986596,Crime
1011,tt16986596,Mystery
1012,tt1699753,Comedy
1013,tt17037988,Drama
1014,tt17037988,History
1015,tt17037988,Western
1016,tt1710581,Comedy
1017,tt1714758,Documentary
1018,tt1714758,Drama
1019,tt1718147,Comedy
1020,tt1718147,Drama
1021,tt1718147,Romance
1022,tt1730140,Comedy
1023,tt1730140,Fantasy
1024,tt17336922,Drama
1025,tt17336922,Sport
1026,tt17382524,Animation
1027,tt17382524,Drama
1028,tt17382524,Fantasy
1029,tt1740053,Drama
1030,tt1753865,Drama
1031,tt1753865,Romance
1032,tt1754192,Drama
1033,tt17542524,Drama
1034,tt17542524,Musical
1035,tt1754719,Comedy
1036,tt1758771,Drama
1037,tt1758771,Family
1038,tt1758771,Music
1039,tt1764618,Crime
1040,tt1764618,Drama
1041,tt1773398,Drama
1042,tt17736862,Comedy
1043,tt1785685,Drama
1044,tt1795595,Horror
1045,tt1795595,Mystery
1046,tt1795595,Romance
1047,tt1805502,Action
1048,tt18291400,Romance
1049,tt1830901,Action
1050,tt1836213,Action
1051,tt18502434,Drama
1052,tt1855182,Drama
1053,tt1855182,Short
1054,tt1864368,Documentary
1055,tt1864491,Crime
1056,tt1864491,Drama
1057,tt1864491,Thriller
1058,tt1864571,Action
1059,tt1874779,Horror
1060,tt1874779,Thriller
1061,tt1886770,Drama
1062,tt1886770,Family
1063,tt1886770,Romance
1064,tt1896818,Comedy
1065,tt1896818,Drama
1066,tt1896818,Mystery
1067,tt1905005,Horror
1068,tt1905005,Mystery
1069,tt1905005,Thriller
1070,tt1961265,Comedy
1071,tt1961265,Drama
1072,tt19715962,Romance
1073,tt19715962,Thriller
1074,tt19768694,Drama
1075,tt19768694,Fantasy
1076,tt19770590,Action
1077,tt19770590,War
1078,tt1980107,Comedy
1079,tt1980107,Drama
1080,tt1980107,Romance
1081,tt1980108,Documentary
1082,tt1980108,Drama
1083,tt1989593,Drama
1084,tt2005307,Comedy
1085,tt2005307,Drama
1086,tt2009504,Animation
1087,tt2009504,Drama
1088,tt20114622,Romance
1089,tt20234746,Horror
1090,tt2039331,Drama
1091,tt2050499,Drama
1092,tt2051930,Horror
1093,tt20562058,Drama
1094,tt20562058,Sci-Fi
1095,tt20562058,Thriller
1096,tt20600968,Comedy
1097,tt2066133,Comedy
1098,tt2066133,Drama
1099,tt2066133,Romance
1100,tt2072876,Drama
1101,tt2075088,Drama
1102,tt2075234,Comedy
1103,tt2075234,Drama
1104,tt20769484,Drama
1105,tt20769484,Sport
1106,tt20784210,Action
1107,tt20784210,Adventure
1108,tt20784210,Animation
1109,tt21138358,Comedy
1110,tt21151850,Drama
1111,tt21151850,Thriller
1112,tt21158228,Romance
1113,tt21197442,Horror
1114,tt21197442,Short
1115,tt21197450,Horror
1116,tt21197450,Short
1117,tt21206302,Horror
1118,tt21267296,Comedy
1119,tt21267296,Horror
1120,tt21272582,Drama
1121,tt2140389,Comedy
1122,tt2140389,Short
1123,tt2149137,Horror
1124,tt2158752,Documentary
1125,tt2158752,Music
1126,tt2179116,Adventure
1127,tt2179116,Comedy
1128,tt2179116,Drama
1129,tt21806358,Documentary
1130,tt2181814,Comedy
1131,tt2181814,Drama
1132,tt2184287,Biography
1133,tt2184287,Drama
1134,tt2184287,Romance
1135,tt21882432,Music
1136,tt21882432,Short
1137,tt2188926,Family
1138,tt21906990,Drama
1139,tt2196053,Drama
1140,tt2196053,Musical
1141,tt2196053,Romance
1142,tt22002112,Comedy
1143,tt22002112,Drama
1144,tt22002112,Musical
1145,tt22197856,Drama
1146,tt2221484,Drama
1147,tt2221484,Mystery
1148,tt2221727,Documentary
1149,tt2222458,Biography
1150,tt2222458,Drama
1151,tt2222458,Romance
1152,tt22393386,Comedy
1153,tt2253116,Romance
1154,tt2265352,Comedy
1155,tt2279984,Comedy
1156,tt2279984,Drama
1157,tt2291980,Documentary
1158,tt2291980,Family
1159,tt2310958,Comedy
1160,tt2310958,Horror
1161,tt2310958,Musical
1162,tt2322240,Documentary
1163,tt2326400,Biography
1164,tt2327275,Comedy
1165,tt2337164,Comedy
1166,tt2337164,Romance
1167,tt2347351,Documentary
1168,tt2349332,Drama
1169,tt2350954,Family
1170,tt2350954,Fantasy
1171,tt2353979,Romance
1172,tt23575228,Animation
1173,tt23575228,Horror
1174,tt23575228,Sci-Fi
1175,tt2361172,Sport
1176,tt2363564,Comedy
1177,tt2363564,Drama
1178,tt2363564,Romance
1179,tt2370230,Drama
1180,tt2370230,Romance
1181,tt23720262,Drama
1182,tt2374965,Drama
1183,tt23768070,Comedy
1184,tt23768070,Drama
1185,tt23768070,Romance
1186,tt23770412,Comedy
1187,tt23770412,Drama
1188,tt2378830,Biography
1189,tt2378830,Comedy
1190,tt2378830,Drama
1191,tt2388811,Drama
1192,tt2402985,Comedy
1193,tt2402985,Drama
1194,tt2402985,Sport
1195,tt2403803,Documentary
1196,tt2403931,Documentary
1197,tt2404385,Drama
1198,tt2412556,Mystery
1199,tt2436344,Drama
1200,tt2436344,Romance
1201,tt24515124,Drama
1202,tt24515124,Romance
1203,tt24805832,Drama
1204,tt2492664,Comedy
1205,tt2492664,Drama
1206,tt2519890,Drama
1207,tt2562234,Action
1208,tt2562234,Comedy
1209,tt2585078,Comedy
1210,tt2585078,Drama
1211,tt2585078,Sport
1212,tt25994098,Drama
1213,tt2638662,Horror
1214,tt26439316,Comedy
1215,tt26439316,Drama
1216,tt26508928,Romance
1217,tt2691102,Drama
1218,tt26928684,Comedy
1219,tt2705574,Documentary
1220,tt2705574,Music
1221,tt27139897,Comedy
1222,tt2719868,Drama
1223,tt2719868,Romance
1224,tt27441898,Adventure
1225,tt27441898,Comedy
1226,tt27441898,Drama
1227,tt27548375,Music
1228,tt27579804,Romance
1229,tt28077172,
1230,tt2816758,Drama
1231,tt28248430,Documentary
1232,tt28248430,Music
1233,tt28449053,Drama
1234,tt28449053,History
1235,tt28516220,Animation
1236,tt28516220,Comedy
1237,tt28516220,Crime
1238,tt28521906,Comedy
1239,tt28521906,Drama
1240,tt28521906,Thriller
1241,tt28569819,Comedy
1242,tt28685746,Short
1243,tt28686139,Short
1244,tt2884186,Comedy
1245,tt2884186,Drama
1246,tt28941580,Documentary
1247,tt2899120,Drama
1248,tt2901516,Drama
1249,tt2901516,Family
1250,tt2910342,Drama
1251,tt2910342,Family
1252,tt2910508,Horror
1253,tt2910508,Thriller
1254,tt2911900,Biography
1255,tt2911900,Drama
1256,tt2911900,Family
1257,tt2949890,Horror
1258,tt2955186,Drama
1259,tt2955186,Family
1260,tt2960324,Drama
1261,tt2960324,Romance
1262,tt2994628,Crime
1263,tt2994628,Drama
1264,tt2994628,Thriller
1265,tt2994832,Drama
1266,tt2994832,Romance
1267,tt3004380,Horror
1268,tt3013588,Comedy
1269,tt3013588,Drama
1270,tt3013588,Romance
1271,tt3029368,Documentary
1272,tt3071192,Drama
1273,tt3071192,Horror
1274,tt3071192,Thriller
1275,tt30949231,Drama
1276,tt3097490,Comedy
1277,tt3097490,Drama
1278,tt31240310,
1279,tt3124986,Biography
1280,tt3124986,Documentary
1281,tt3124986,Music
1282,tt3128912,Action
1283,tt3128912,Short
1284,tt3137764,Comedy
1285,tt3137764,Drama
1286,tt3149536,Comedy
1287,tt3149536,Family
1288,tt3149536,Fantasy
1289,tt3160290,Romance
1290,tt32135407,Comedy
1291,tt32135407,Drama
1292,tt32201950,Thriller
1293,tt32235713,Animation
1294,tt32235713,Comedy
1295,tt32235713,Music
1296,tt3233548,Documentary
1297,tt3233548,Music
1298,tt32622643,
1299,tt3273932,Drama
1300,tt3374966,Comedy
1301,tt3374966,Crime
1302,tt3374966,Drama
1303,tt3399862,Drama
1304,tt3416536,Crime
1305,tt3416536,Drama
1306,tt3416536,Romance
1307,tt3458196,Documentary
1308,tt3458196,History
1309,tt3474600,Drama
1310,tt3498918,Drama
1311,tt3523088,Drama
1312,tt3526924,Drama
1313,tt3526924,War
1314,tt3533254,Comedy
1315,tt3533254,Drama
1316,tt3533254,Family
1317,tt3623284,Drama
1318,tt3625352,Comedy
1319,tt3625352,Horror
1320,tt3759430,Drama
1321,tt3808172,Drama
1322,tt3812730,Comedy
1323,tt3838694,Music
1324,tt3883526,Comedy
1325,tt3898504,Action
1326,tt3898504,Adventure
1327,tt3898504,Animation
1328,tt3906102,Animation
1329,tt3906102,Comedy
1330,tt3906102,Romance
1331,tt3914324,Adventure
1332,tt3914324,Comedy
1333,tt3914324,Drama
1334,tt3948080,Family
1335,tt3979660,Biography
1336,tt3979660,Documentary
1337,tt3979660,Sport
1338,tt3996544,Action
1339,tt3996544,Animation
1340,tt3996544,Comedy
1341,tt4009226,Documentary
1342,tt4009226,Music
1343,tt4021084,Drama
1344,tt4074180,Comedy
1345,tt4080768,Drama
1346,tt4080768,Romance
1347,tt4158862,Horror
1348,tt4172146,Comedy
1349,tt4172146,Drama
1350,tt4172146,Romance
1351,tt4182064,Drama
1352,tt4182064,Mystery
1353,tt4182064,Thriller
1354,tt4288750,Drama
1355,tt4308718,Comedy
1356,tt4354146,Horror
1357,tt4357012,Biography
1358,tt4357012,Crime
1359,tt4357012,Documentary
1360,tt4400040,Romance
1361,tt4464176,Documentary
1362,tt4464176,Music
1363,tt4469200,Family
1364,tt4469246,Drama
1365,tt4590870,Crime
1366,tt4590870,Documentary
1367,tt4590870,History
1368,tt4648826,Musical
1369,tt4650414,Drama
1370,tt4672158,Animation
1371,tt4672158,Comedy
1372,tt4711486,Drama
1373,tt4743250,Family
1374,tt4807910,Family
1375,tt4833838,Comedy
1376,tt4833838,Drama
1377,tt4872210,Animation
1378,tt4872210,Drama
1379,tt4872210,Sport
1380,tt4873170,Drama
1381,tt4940526,Drama
1382,tt4949272,Comedy
1383,tt4949272,Drama
1384,tt4949272,Romance
1385,tt4981724,Mystery
1386,tt4985108,Drama
1387,tt4997624,Drama
1388,tt4997624,Romance
1389,tt5039930,Comedy
1390,tt5051278,Comedy
1391,tt5051278,Fantasy
1392,tt5051278,Romance
1393,tt5062646,Comedy
1394,tt5062646,Family
1395,tt5062646,Fantasy
1396,tt5078158,Comedy
1397,tt5078158,Drama
1398,tt5174962,Adventure
1399,tt5174962,Animation
1400,tt5174962,Comedy
1401,tt5192448,Documentary
1402,tt5192448,Music
1403,tt5213932,Documentary
1404,tt5220122,Adventure
1405,tt5220122,Animation
1406,tt5220122,Comedy
1407,tt5222624,Music
1408,tt5233554,Drama
1409,tt5333848,Reality-TV
1410,tt5461628,Action
1411,tt5461628,Thriller
1412,tt5543584,Documentary
1413,tt5598212,Documentary
1414,tt5598212,Music
1415,tt5599332,Horror
1416,tt5605934,Documentary
1417,tt5605934,Music
1418,tt5644394,Drama
1419,tt5644394,Family
1420,tt5659816,Comedy
1421,tt5659816,Fantasy
1422,tt5670068,Comedy
1423,tt5702328,Documentary
1424,tt5734214,Comedy
1425,tt5734214,Romance
1426,tt5740308,Drama
1427,tt5740308,Romance
1428,tt5744236,Comedy
1429,tt5744236,Family
1430,tt5755040,Comedy
1431,tt5772798,Documentary
1432,tt5772798,Sport
1433,tt5774450,Horror
1434,tt5774450,Mystery
1435,tt5774450,Thriller
1436,tt5817498,Drama
1437,tt5828874,Comedy
1438,tt5828874,Family
1439,tt5828874,Romance
1440,tt5834762,Romance
1441,tt5885620,Drama
1442,tt5885620,Romance
1443,tt5896568,Comedy
1444,tt5896568,Drama
1445,tt5896568,Romance
1446,tt5897636,Drama
1447,tt5897636,Family
1448,tt5900988,Documentary
1449,tt5922484,Comedy
1450,tt5922484,Romance
1451,tt5984586,Mystery
1452,tt6006234,Drama
1453,tt6006234,War
1454,tt6008686,Drama
1455,tt6044548,Drama
1456,tt6044548,Family
1457,tt6046754,Comedy
1458,tt6060234,Comedy
1459,tt6060234,Romance
1460,tt6075750,Romance
1461,tt6097278,Drama
1462,tt6097278,Music
1463,tt6118258,Drama
1464,tt6133146,Drama
1465,tt6150184,Drama
1466,tt6213850,Drama
1467,tt6215166,Drama
1468,tt6215166,Thriller
1469,tt6292622,Drama
1470,tt6419470,Comedy
1471,tt6435566,Adventure
1472,tt6464512,Romance
1473,tt6536668,Drama
1474,tt6536668,History
1475,tt6536668,Romance
1476,tt6666116,Comedy
1477,tt6666116,Family
1478,tt6715992,Horror
1479,tt6742246,Comedy
1480,tt6742246,Fantasy
1481,tt6742246,Romance
1482,tt6807046,Family
1483,tt6839560,Comedy
1484,tt6839560,Drama
1485,tt6841122,Drama
1486,tt6841122,Romance
1487,tt6841122,War
1488,tt6851430,Comedy
1489,tt6851430,Drama
1490,tt6851430,Family
1491,tt6917656,Comedy
1492,tt6926116,Comedy
1493,tt6926116,Family
1494,tt6926116,Fantasy
1495,tt6929278,Drama
1496,tt6982508,Drama
1497,tt7026270,Drama
1498,tt7028250,Comedy
1499,tt7028250,Documentary
1500,tt7042586,Romance
1501,tt7057306,Documentary
1502,tt7085058,Drama
1503,tt7085058,Romance
1504,tt7123254,Horror
1505,tt7149192,Documentary
1506,tt7149192,History
1507,tt7149192,Music
1508,tt7216918,Comedy
1509,tt7216918,Drama
1510,tt7227024,Action
1511,tt7227024,Animation
1512,tt7227024,Sci-Fi
1513,tt7284204,Comedy
1514,tt7284204,Drama
1515,tt7284204,Romance
1516,tt7300458,Sport
1517,tt7343740,Comedy
1518,tt7343740,Drama
1519,tt7343740,Music
1520,tt7346310,Comedy
1521,tt7406704,Drama
1522,tt7428820,Comedy
1523,tt7428820,Drama
1524,tt7476812,Drama
1525,tt7481324,
1526,tt7502220,Documentary
1527,tt7543058,Musical
1528,tt7556356,Drama
1529,tt7556356,Mystery
1530,tt7591430,Drama
1531,tt7612992,Documentary
1532,tt7679126,Comedy
1533,tt7679126,Family
1534,tt7905318,Drama
1535,tt7946114,Drama
1536,tt7957694,Comedy
1537,tt7957694,Romance
1538,tt8045100,Drama
1539,tt8209898,Documentary
1540,tt8209898,Sport
1541,tt8312392,Comedy
1542,tt8312392,Family
1543,tt8312392,Romance
1544,tt8380458,Comedy
1545,tt8396742,Short
1546,tt8400416,Drama
1547,tt8400416,Romance
1548,tt8414124,Drama
1549,tt8414124,Romance
1550,tt8510070,Comedy
1551,tt8510070,Drama
1552,tt8536058,Drama
1553,tt8536058,Romance
1554,tt8571578,Adventure
1555,tt8571578,Comedy
1556,tt8571578,Drama
1557,tt8628960,Drama
1558,tt8660578,Documentary
1559,tt8723762,Documentary
1560,tt8730658,Documentary
1561,tt8774112,Talk-Show
1562,tt8869128,Comedy
1563,tt8869128,Drama
1564,tt8998220,Documentary
1565,tt9013026,Horror
1566,tt9037708,Drama
1567,tt9174108,Drama
1568,tt9174120,Romance
1569,tt9185542,Comedy
1570,tt9185542,Romance
1571,tt9265856,Drama
1572,tt9272590,Comedy
1573,tt9315684,Comedy
1574,tt9315684,Drama
1575,tt9320170,Drama
1576,tt9382076,Romance
1577,tt9430712,Drama
1578,tt9530420,Drama
1579,tt9530420,Romance
1580,tt9716208,Drama
1581,tt9716208,Romance
1582,tt9842874,Comedy
1583,tt9842874,Drama
1584,tt9842874,History
